Abu Zubeida,Djamal Beghal
Jean-Marc Grandvisir,Djamal Beghal
Nizar Trabelsi,Djamal Beghal
Djamal Beghal,Abu Walid
Djamal Beghal,Jerome Courtaillier
Djamal Beghal,Kamel Daoudi
Djamal Beghal,Zacarias Moussaoui
Djamal Beghal,Abu Qatada
Abu Walid,Kamel Daoudi
Abu Walid,Abu Qatada
Jerome Courtaillier,Kamel Daoudi
Jerome Courtaillier,David Courtaillier
Jerome Courtaillier,Zacarias Moussaoui
Kamel Daoudi,Zacarias Moussaoui
David Courtaillier,Zacarias Moussaoui
Zacarias Moussaoui,Abu Qatada
Zacarias Moussaoui,Ahmed Ressam
Zacarias Moussaoui,Ramzi Bin al-Shibh
Zacarias Moussaoui,Mohamed Atta
Abu Qatada,Tarek Maaroufi
Abu Qatada,Imad Eddin Barakat Yarkas
Ahmed Ressam,Haydar Aby Doha
Haydar Aby Doha,Mehdi Khammoun
Haydar Aby Doha,Essid Sami Ben Khemais
Mehdi Khammoun,Mohamed Bensakhria
Mehdi Khammoun,Essid Sami Ben Khemais
Essoussi Laaroussi,Tarek Maaroufi
Essoussi Laaroussi,Essid Sami Ben Khemais
Tarek Maaroufi,Mohamed Bensakhria
Tarek Maaroufi,Seifallah Ben Hassine
Tarek Maaroufi,Essid Sami Ben Khemais
Tarek Maaroufi,Imad Eddin Barakat Yarkas
Mohamed Bensakhria,Tased Ben Heni
Mohamed Bensakhria,Essid Sami Ben Khemais
Tased Ben Heni,Essid Sami Ben Khemais
Seifallah Ben Hassine,Essid Sami Ben Khemais
Essid Sami Ben Khemais,Fahid al Shakri
Essid Sami Ben Khemais,Madjid Sahoune
Essid Sami Ben Khemais,Samir Kishk
Essid Sami Ben Khemais,Mohamed Atta
Imad Eddin Barakat Yarkas,Ramzi Bin al-Shibh
Imad Eddin Barakat Yarkas,Mohamed Atta
Mohammed Belfas,Ramzi Bin al-Shibh
Mohammed Belfas,Agus Budiman
Abdelghani Mzoudi,Mohamed Atta
Ramzi Bin al-Shibh,Agus Budiman
Ramzi Bin al-Shibh,Mounir El Motassadeq
Ramzi Bin al-Shibh,Zakariya Essabar
Ramzi Bin al-Shibh,Mohamed Atta
Ramzi Bin al-Shibh,Marwan Al-Shehhi
Ramzi Bin al-Shibh,Ziad Jarrah
Ramzi Bin al-Shibh,Said Bahaji
Agus Budiman,Mohamed Atta
Agus Budiman,Marwan Al-Shehhi
Agus Budiman,Ziad Jarrah
Mounir El Motassadeq,Mohamed Atta
Mounir El Motassadeq,Marwan Al-Shehhi
Mounir El Motassadeq,Said Bahaji
Zakariya Essabar,Mohamed Atta
Zakariya Essabar,Marwan Al-Shehhi
Zakariya Essabar,Ziad Jarrah
Zakariya Essabar,Said Bahaji
Mohamed Atta,Ahmed Khalil Ibrahim Samir Al-Ani
Mohamed Atta,Mustafa Ahmed al-Hisawi
Mohamed Atta,Fayez Ahmed
Mohamed Atta,Wail Alshehri
Mohamed Atta,Satam Suqami
Mohamed Atta,Nawaf Alhazmi
Mohamed Atta,Ahmed Al Haznawi
Mohamed Atta,Abdul Aziz Al-Omari
Mohamed Atta,Marwan Al-Shehhi
Mohamed Atta,Ziad Jarrah
Mohamed Atta,Said Bahaji
Mohamed Atta,Mamoun Darkazanli
Mohamed Atta,Lotfi Raissi
Mohamed Atta,Hani Hanjour
Mustafa Ahmed al-Hisawi,Fayez Ahmed
Mustafa Ahmed al-Hisawi,Waleed Alshehri
Mustafa Ahmed al-Hisawi,Marwan Al-Shehhi
Fayez Ahmed,Wail Alshehri
Fayez Ahmed,Waleed Alshehri
Fayez Ahmed,Satam Suqami
Fayez Ahmed,Mohand Alshehri
Fayez Ahmed,Abdul Aziz Al-Omari
Fayez Ahmed,Marwan Al-Shehhi
Wail Alshehri,Waleed Alshehri
Wail Alshehri,Satam Suqami
Wail Alshehri,Abdul Aziz Al-Omari
Wail Alshehri,Marwan Al-Shehhi
Waleed Alshehri,Satam Suqami
Waleed Alshehri,Abdul Aziz Al-Omari
Waleed Alshehri,Marwan Al-Shehhi
Satam Suqami,Raed Hijazi
Satam Suqami,Nabil al-Marabh
Satam Suqami,Abdul Aziz Al-Omari
Satam Suqami,Marwan Al-Shehhi
Mohand Alshehri,Hamza Alghamdi
Raed Hijazi,Nabil al-Marabh
Raed Hijazi,Saeed Alghamdi
Nabil al-Marabh,Saeed Alghamdi
Nabil al-Marabh,Ahmed Alghamdi
Saeed Alghamdi,Hamza Alghamdi
Saeed Alghamdi,Ahmed Alnami
Saeed Alghamdi,Nawaf Alhazmi
Saeed Alghamdi,Ahmed Al Haznawi
Hamza Alghamdi,Ahmed Alnami
Hamza Alghamdi,Nawaf Alhazmi
Hamza Alghamdi,Ahmed Alghamdi
Hamza Alghamdi,Ahmed Al Haznawi
Hamza Alghamdi,Marwan Al-Shehhi
Ahmed Alnami,Nawaf Alhazmi
Nawaf Alhazmi,Mohamed Abdi
Nawaf Alhazmi,Abdussattar Shaikh
Nawaf Alhazmi,Osama Awadallah
Nawaf Alhazmi,Khalid Al-Mihdhar
Nawaf Alhazmi,Majed Moqed
Nawaf Alhazmi,Salem Alhazmi
Nawaf Alhazmi,Hani Hanjour
Abdussattar Shaikh,Osama Awadallah
Abdussattar Shaikh,Khalid Al-Mihdhar
Osama Awadallah,Khalid Al-Mihdhar
Khalid Al-Mihdhar,Majed Moqed
Khalid Al-Mihdhar,Salem Alhazmi
Khalid Al-Mihdhar,Hani Hanjour
Majed Moqed,Salem Alhazmi
Majed Moqed,Hani Hanjour
Salem Alhazmi,Ahmed Alghamdi
Salem Alhazmi,Abdul Aziz Al-Omari
Salem Alhazmi,Marwan Al-Shehhi
Salem Alhazmi,Ziad Jarrah
Salem Alhazmi,Hani Hanjour
Ahmed Alghamdi,Abdul Aziz Al-Omari
Ahmed Alghamdi,Hani Hanjour
Ahmed Al Haznawi,Ziad Jarrah
Abdul Aziz Al-Omari,Marwan Al-Shehhi
Abdul Aziz Al-Omari,Hani Hanjour
Marwan Al-Shehhi,Ziad Jarrah
Marwan Al-Shehhi,Said Bahaji
Marwan Al-Shehhi,Mamoun Darkazanli
Marwan Al-Shehhi,Lotfi Raissi
Marwan Al-Shehhi,Hani Hanjour
Ziad Jarrah,Said Bahaji
Ziad Jarrah,Lotfi Raissi
Ziad Jarrah,Hani Hanjour
Said Bahaji,Mamoun Darkazanli
Mamoun Darkazanli,Mamduh Mahmud Salim
Lotfi Raissi,Hani Hanjour
Lotfi Raissi,Rayed Mohammed Abdullah
Hani Hanjour,Bandar Alhazmi
Hani Hanjour,Rayed Mohammed Abdullah
Hani Hanjour,Faisal Al Salmi
Bandar Alhazmi,Rayed Mohammed Abdullah
Rayed Mohammed Abdullah,Faisal Al Salmi
