iteration,yes x none,,,,no x none,,,
iteration,True Positive,True Negative,False Positive,False Negative,True Positive,True Negative,False Positive,False Negative
0,158540,0,                      0,158540,158540,0,                      0,158540
1,158441,0,                       0,158639,158639,0,                       0,158441
2,158442,0,                       0,158638,158638,0,                       0,158442
3,158443,0,                       0,158637,158637,0,                       0,158443
4,158444,0,                       0,158636,158636,0,                       0,158444
5,158445,0,                       0,158635,158635,0,                       0,158445
6,158446,0,                       0,158634,158634,0,                       0,158446
7,158447,0,                       0,158633,158633,0,                       0,158447
8,158448,0,                       0,158632,158632,0,                       0,158448
9,158449,0,                       0,158631,158631,0,                       0,158449
10,158450,0,                       0,158630,158630,0,                       0,158450
11,158451,0,                       0,158629,158629,0,                       0,158451
12,158452,0,                       0,158628,158628,0,                       0,158452
13,158453,0,                       0,158627,158627,0,                       0,158453
14,158454,0,                       0,158626,158626,0,                       0,158454
15,158455,0,                       0,158625,158625,0,                       0,158455
16,158456,0,                       0,158624,158624,0,                       0,158456
17,158457,0,                       0,158623,158623,0,                       0,158457
18,158458,0,                       0,158622,158622,0,                       0,158458
19,158459,0,                       0,158621,158621,0,                       0,158459
20,158460,0,                       0,158620,158620,0,                       0,158460
21,158461,0,                       0,158619,158619,0,                       0,158461
22,158462,0,                       0,158618,158618,0,                       0,158462
23,158463,0,                       0,158617,158617,0,                       0,158463
24,158464,0,                       0,158616,158616,0,                       0,158464
25,158465,0,                       0,158615,158615,0,                       0,158465
26,158466,0,                       0,158614,158614,0,                       0,158466
27,158467,0,                       0,158613,158613,0,                       0,158467
28,158468,0,                       0,158612,158612,0,                       0,158468
29,158469,0,                       0,158611,158611,0,                       0,158469
30,158470,0,                       0,158610,158610,0,                       0,158470
31,158471,0,                       0,158609,158609,0,                       0,158471
32,158472,0,                       0,158608,158608,0,                       0,158472
33,158473,0,                       0,158607,158607,0,                       0,158473
34,158474,0,                       0,158606,158606,0,                       0,158474
35,158475,0,                       0,158605,158605,0,                       0,158475
36,158476,0,                       0,158604,158604,0,                       0,158476
37,158477,0,                       0,158603,158603,0,                       0,158477
38,158478,0,                       0,158602,158602,0,                       0,158478
39,158479,0,                       0,158601,158601,0,                       0,158479
40,158480,0,                       0,158600,158600,0,                       0,158480
41,158481,0,                       0,158599,158599,0,                       0,158481
42,158482,0,                       0,158598,158598,0,                       0,158482
43,158483,0,                       0,158597,158597,0,                       0,158483
44,158484,0,                       0,158596,158596,0,                       0,158484
45,158485,0,                       0,158595,158595,0,                       0,158485
46,158486,0,                       0,158594,158594,0,                       0,158486
47,158487,0,                       0,158593,158593,0,                       0,158487
48,158488,0,                       0,158592,158592,0,                       0,158488
49,158489,0,                       0,158591,158591,0,                       0,158489
50,158490,0,                       0,158590,158590,0,                       0,158490
51,158491,0,                       0,158589,158589,0,                       0,158491
52,158492,0,                       0,158588,158588,0,                       0,158492
53,158493,0,                       0,158587,158587,0,                       0,158493
54,158494,0,                       0,158586,158586,0,                       0,158494
55,158495,0,                       0,158585,158585,0,                       0,158495
56,158496,0,                       0,158584,158584,0,                       0,158496
57,158497,0,                       0,158583,158583,0,                       0,158497
58,158498,0,                       0,158582,158582,0,                       0,158498
59,158499,0,                       0,158581,158581,0,                       0,158499
60,158500,0,                       0,158580,158580,0,                       0,158500
61,158501,0,                       0,158579,158579,0,                       0,158501
62,158502,0,                       0,158578,158578,0,                       0,158502
63,158503,0,                       0,158577,158577,0,                       0,158503
64,158504,0,                       0,158576,158576,0,                       0,158504
65,158505,0,                       0,158575,158575,0,                       0,158505
66,158506,0,                       0,158574,158574,0,                       0,158506
67,158507,0,                       0,158573,158573,0,                       0,158507
68,158508,0,                       0,158572,158572,0,                       0,158508
69,158509,0,                       0,158571,158571,0,                       0,158509
70,158510,0,                       0,158570,158570,0,                       0,158510
71,158511,0,                       0,158569,158569,0,                       0,158511
72,158512,0,                       0,158568,158568,0,                       0,158512
73,158513,0,                       0,158567,158567,0,                       0,158513
74,158514,0,                       0,158566,158566,0,                       0,158514
75,158515,0,                       0,158565,158565,0,                       0,158515
76,158516,0,                       0,158564,158564,0,                       0,158516
77,158517,0,                       0,158563,158563,0,                       0,158517
78,158518,0,                       0,158562,158562,0,                       0,158518
79,158519,0,                       0,158561,158561,0,                       0,158519
80,158520,0,                       0,158560,158560,0,                       0,158520
81,158521,0,                       0,158559,158559,0,                       0,158521
82,158522,0,                       0,158558,158558,0,                       0,158522
83,158523,0,                       0,158557,158557,0,                       0,158523
84,158524,0,                       0,158556,158556,0,                       0,158524
85,158525,0,                       0,158555,158555,0,                       0,158525
86,158526,0,                       0,158554,158554,0,                       0,158526
87,158527,0,                       0,158553,158553,0,                       0,158527
88,158528,0,                       0,158552,158552,0,                       0,158528
89,158529,0,                       0,158551,158551,0,                       0,158529
90,158530,0,                       0,158550,158550,0,                       0,158530
91,158531,0,                       0,158549,158549,0,                       0,158531
92,158532,0,                       0,158548,158548,0,                       0,158532
93,158533,0,                       0,158547,158547,0,                       0,158533
94,158534,0,                       0,158546,158546,0,                       0,158534
95,158535,0,                       0,158545,158545,0,                       0,158535
96,158536,0,                       0,158544,158544,0,                       0,158536
97,158537,0,                       0,158543,158543,0,                       0,158537
98,158538,0,                       0,158542,158542,0,                       0,158538
99,158539,0,                       0,158541,158541,0,                       0,158539
100,158540,0,                       0,158540,158540,0,                       0,158540
101,158541,0,                       0,158539,158539,0,                       0,158541
102,158542,0,                       0,158538,158538,0,                       0,158542
103,158541,0,                       0,158539,158539,0,                       0,158541
104,158542,0,                       0,158538,158538,0,                       0,158542
105,158543,0,                       0,158537,158537,0,                       0,158543
106,158542,0,                       0,158538,158538,0,                       0,158542
107,158541,0,                       0,158539,158539,0,                       0,158541
108,158540,0,                       0,158540,158540,0,                       0,158540
109,158541,0,                       0,158539,158539,0,                       0,158541
110,158542,0,                       0,158538,158538,0,                       0,158542
111,158541,0,                       0,158539,158539,0,                       0,158541
112,158542,0,                       0,158538,158538,0,                       0,158542
113,158543,0,                       0,158537,158537,0,                       0,158543
114,158542,0,                       0,158538,158538,0,                       0,158542
115,158541,0,                       0,158539,158539,0,                       0,158541
116,158542,0,                       0,158538,158538,0,                       0,158542
117,158541,0,                       0,158539,158539,0,                       0,158541
118,158542,0,                       0,158538,158538,0,                       0,158542
119,158541,0,                       0,158539,158539,0,                       0,158541
120,158542,0,                       0,158538,158538,0,                       0,158542
121,158541,0,                       0,158539,158539,0,                       0,158541
122,158540,0,                       0,158540,158540,0,                       0,158540
123,158541,0,                       0,158539,158539,0,                       0,158541
124,158540,0,                       0,158540,158540,0,                       0,158540
125,158539,0,                       0,158541,158541,0,                       0,158539
126,158538,0,                       0,158542,158542,0,                       0,158538
127,158539,0,                       0,158541,158541,0,                       0,158539
128,158540,0,                       0,158540,158540,0,                       0,158540
129,158541,0,                       0,158539,158539,0,                       0,158541
130,158542,0,                       0,158538,158538,0,                       0,158542
131,158543,0,                       0,158537,158537,0,                       0,158543
132,158542,0,                       0,158538,158538,0,                       0,158542
133,158541,0,                       0,158539,158539,0,                       0,158541
134,158540,0,                       0,158540,158540,0,                       0,158540
135,158541,0,                       0,158539,158539,0,                       0,158541
136,158540,0,                       0,158540,158540,0,                       0,158540
137,158539,0,                       0,158541,158541,0,                       0,158539
138,158540,0,                       0,158540,158540,0,                       0,158540
139,158539,0,                       0,158541,158541,0,                       0,158539
140,158540,0,                       0,158540,158540,0,                       0,158540
141,158539,0,                       0,158541,158541,0,                       0,158539
142,158540,0,                       0,158540,158540,0,                       0,158540
143,158539,0,                       0,158541,158541,0,                       0,158539
144,158538,0,                       0,158542,158542,0,                       0,158538
145,158539,0,                       0,158541,158541,0,                       0,158539
146,158540,0,                       0,158540,158540,0,                       0,158540
147,158539,0,                       0,158541,158541,0,                       0,158539
148,158538,0,                       0,158542,158542,0,                       0,158538
149,158539,0,                       0,158541,158541,0,                       0,158539
150,158538,0,                       0,158542,158542,0,                       0,158538
151,158537,0,                       0,158543,158543,0,                       0,158537
152,158538,0,                       0,158542,158542,0,                       0,158538
153,158539,0,                       0,158541,158541,0,                       0,158539
154,158540,0,                       0,158540,158540,0,                       0,158540
155,158541,0,                       0,158539,158539,0,                       0,158541
156,158542,0,                       0,158538,158538,0,                       0,158542
157,158541,0,                       0,158539,158539,0,                       0,158541
158,158540,0,                       0,158540,158540,0,                       0,158540
159,158539,0,                       0,158541,158541,0,                       0,158539
160,158538,0,                       0,158542,158542,0,                       0,158538
161,158539,0,                       0,158541,158541,0,                       0,158539
162,158538,0,                       0,158542,158542,0,                       0,158538
163,158539,0,                       0,158541,158541,0,                       0,158539
164,158540,0,                       0,158540,158540,0,                       0,158540
165,158541,0,                       0,158539,158539,0,                       0,158541
166,158540,0,                       0,158540,158540,0,                       0,158540
167,158541,0,                       0,158539,158539,0,                       0,158541
168,158540,0,                       0,158540,158540,0,                       0,158540
169,158539,0,                       0,158541,158541,0,                       0,158539
170,158540,0,                       0,158540,158540,0,                       0,158540
171,158539,0,                       0,158541,158541,0,                       0,158539
172,158540,0,                       0,158540,158540,0,                       0,158540
173,158539,0,                       0,158541,158541,0,                       0,158539
174,158540,0,                       0,158540,158540,0,                       0,158540
175,158541,0,                       0,158539,158539,0,                       0,158541
176,158542,0,                       0,158538,158538,0,                       0,158542
177,158543,0,                       0,158537,158537,0,                       0,158543
178,158544,0,                       0,158536,158536,0,                       0,158544
179,158543,0,                       0,158537,158537,0,                       0,158543
180,158542,0,                       0,158538,158538,0,                       0,158542
181,158541,0,                       0,158539,158539,0,                       0,158541
182,158540,0,                       0,158540,158540,0,                       0,158540
183,158539,0,                       0,158541,158541,0,                       0,158539
184,158540,0,                       0,158540,158540,0,                       0,158540
185,158539,0,                       0,158541,158541,0,                       0,158539
186,158540,0,                       0,158540,158540,0,                       0,158540
187,158539,0,                       0,158541,158541,0,                       0,158539
188,158540,0,                       0,158540,158540,0,                       0,158540
189,158541,0,                       0,158539,158539,0,                       0,158541
190,158540,0,                       0,158540,158540,0,                       0,158540
191,158539,0,                       0,158541,158541,0,                       0,158539
192,158540,0,                       0,158540,158540,0,                       0,158540
193,158541,0,                       0,158539,158539,0,                       0,158541
194,158540,0,                       0,158540,158540,0,                       0,158540
195,158539,0,                       0,158541,158541,0,                       0,158539
196,158538,0,                       0,158542,158542,0,                       0,158538
197,158537,0,                       0,158543,158543,0,                       0,158537
198,158538,0,                       0,158542,158542,0,                       0,158538
199,158539,0,                       0,158541,158541,0,                       0,158539
200,158540,0,                       0,158540,158540,0,                       0,158540
201,158539,0,                       0,158541,158541,0,                       0,158539
202,158538,0,                       0,158542,158542,0,                       0,158538
203,158537,0,                       0,158543,158543,0,                       0,158537
204,158538,0,                       0,158542,158542,0,                       0,158538
205,158539,0,                       0,158541,158541,0,                       0,158539
206,158538,0,                       0,158542,158542,0,                       0,158538
207,158539,0,                       0,158541,158541,0,                       0,158539
208,158540,0,                       0,158540,158540,0,                       0,158540
209,158539,0,                       0,158541,158541,0,                       0,158539
210,158540,0,                       0,158540,158540,0,                       0,158540
211,158541,0,                       0,158539,158539,0,                       0,158541
212,158542,0,                       0,158538,158538,0,                       0,158542
213,158541,0,                       0,158539,158539,0,                       0,158541
214,158540,0,                       0,158540,158540,0,                       0,158540
215,158539,0,                       0,158541,158541,0,                       0,158539
216,158540,0,                       0,158540,158540,0,                       0,158540
217,158539,0,                       0,158541,158541,0,                       0,158539
218,158540,0,                       0,158540,158540,0,                       0,158540
219,158541,0,                       0,158539,158539,0,                       0,158541
220,158540,0,                       0,158540,158540,0,                       0,158540
221,158539,0,                       0,158541,158541,0,                       0,158539
222,158538,0,                       0,158542,158542,0,                       0,158538
223,158537,0,                       0,158543,158543,0,                       0,158537
224,158536,0,                       0,158544,158544,0,                       0,158536
225,158535,0,                       0,158545,158545,0,                       0,158535
226,158536,0,                       0,158544,158544,0,                       0,158536
227,158537,0,                       0,158543,158543,0,                       0,158537
228,158538,0,                       0,158542,158542,0,                       0,158538
229,158539,0,                       0,158541,158541,0,                       0,158539
230,158540,0,                       0,158540,158540,0,                       0,158540
231,158539,0,                       0,158541,158541,0,                       0,158539
232,158540,0,                       0,158540,158540,0,                       0,158540
233,158541,0,                       0,158539,158539,0,                       0,158541
234,158542,0,                       0,158538,158538,0,                       0,158542
235,158541,0,                       0,158539,158539,0,                       0,158541
236,158540,0,                       0,158540,158540,0,                       0,158540
237,158539,0,                       0,158541,158541,0,                       0,158539
238,158540,0,                       0,158540,158540,0,                       0,158540
239,158541,0,                       0,158539,158539,0,                       0,158541
240,158540,0,                       0,158540,158540,0,                       0,158540
241,158539,0,                       0,158541,158541,0,                       0,158539
242,158540,0,                       0,158540,158540,0,                       0,158540
243,158539,0,                       0,158541,158541,0,                       0,158539
244,158540,0,                       0,158540,158540,0,                       0,158540
245,158539,0,                       0,158541,158541,0,                       0,158539
246,158540,0,                       0,158540,158540,0,                       0,158540
247,158541,0,                       0,158539,158539,0,                       0,158541
248,158542,0,                       0,158538,158538,0,                       0,158542
249,158541,0,                       0,158539,158539,0,                       0,158541
250,158542,0,                       0,158538,158538,0,                       0,158542
251,158543,0,                       0,158537,158537,0,                       0,158543
252,158544,0,                       0,158536,158536,0,                       0,158544
253,158545,0,                       0,158535,158535,0,                       0,158545
254,158544,0,                       0,158536,158536,0,                       0,158544
255,158543,0,                       0,158537,158537,0,                       0,158543
256,158542,0,                       0,158538,158538,0,                       0,158542
257,158541,0,                       0,158539,158539,0,                       0,158541
258,158542,0,                       0,158538,158538,0,                       0,158542
259,158543,0,                       0,158537,158537,0,                       0,158543
260,158544,0,                       0,158536,158536,0,                       0,158544
261,158543,0,                       0,158537,158537,0,                       0,158543
262,158542,0,                       0,158538,158538,0,                       0,158542
263,158541,0,                       0,158539,158539,0,                       0,158541
264,158542,0,                       0,158538,158538,0,                       0,158542
265,158541,0,                       0,158539,158539,0,                       0,158541
266,158540,0,                       0,158540,158540,0,                       0,158540
267,158539,0,                       0,158541,158541,0,                       0,158539
268,158540,0,                       0,158540,158540,0,                       0,158540
269,158541,0,                       0,158539,158539,0,                       0,158541
270,158542,0,                       0,158538,158538,0,                       0,158542
271,158541,0,                       0,158539,158539,0,                       0,158541
272,158540,0,                       0,158540,158540,0,                       0,158540
273,158541,0,                       0,158539,158539,0,                       0,158541
274,158540,0,                       0,158540,158540,0,                       0,158540
275,158539,0,                       0,158541,158541,0,                       0,158539
276,158540,0,                       0,158540,158540,0,                       0,158540
277,158541,0,                       0,158539,158539,0,                       0,158541
278,158540,0,                       0,158540,158540,0,                       0,158540
279,158541,0,                       0,158539,158539,0,                       0,158541
280,158540,0,                       0,158540,158540,0,                       0,158540
281,158539,0,                       0,158541,158541,0,                       0,158539
282,158540,0,                       0,158540,158540,0,                       0,158540
283,158539,0,                       0,158541,158541,0,                       0,158539
284,158538,0,                       0,158542,158542,0,                       0,158538
285,158539,0,                       0,158541,158541,0,                       0,158539
286,158540,0,                       0,158540,158540,0,                       0,158540
287,158541,0,                       0,158539,158539,0,                       0,158541
288,158542,0,                       0,158538,158538,0,                       0,158542
289,158541,0,                       0,158539,158539,0,                       0,158541
290,158540,0,                       0,158540,158540,0,                       0,158540
291,158539,0,                       0,158541,158541,0,                       0,158539
292,158540,0,                       0,158540,158540,0,                       0,158540
293,158539,0,                       0,158541,158541,0,                       0,158539
294,158538,0,                       0,158542,158542,0,                       0,158538
295,158537,0,                       0,158543,158543,0,                       0,158537
296,158538,0,                       0,158542,158542,0,                       0,158538
297,158539,0,                       0,158541,158541,0,                       0,158539
298,158540,0,                       0,158540,158540,0,                       0,158540
299,158539,0,                       0,158541,158541,0,                       0,158539
300,158538,0,                       0,158542,158542,0,                       0,158538
301,158539,0,                       0,158541,158541,0,                       0,158539
302,158538,0,                       0,158542,158542,0,                       0,158538
303,158539,0,                       0,158541,158541,0,                       0,158539
304,158540,0,                       0,158540,158540,0,                       0,158540
305,158539,0,                       0,158541,158541,0,                       0,158539
306,158538,0,                       0,158542,158542,0,                       0,158538
307,158539,0,                       0,158541,158541,0,                       0,158539
308,158540,0,                       0,158540,158540,0,                       0,158540
309,158541,0,                       0,158539,158539,0,                       0,158541
310,158542,0,                       0,158538,158538,0,                       0,158542
311,158541,0,                       0,158539,158539,0,                       0,158541
312,158542,0,                       0,158538,158538,0,                       0,158542
313,158541,0,                       0,158539,158539,0,                       0,158541
314,158542,0,                       0,158538,158538,0,                       0,158542
315,158541,0,                       0,158539,158539,0,                       0,158541
316,158540,0,                       0,158540,158540,0,                       0,158540
317,158541,0,                       0,158539,158539,0,                       0,158541
318,158542,0,                       0,158538,158538,0,                       0,158542
319,158541,0,                       0,158539,158539,0,                       0,158541
320,158540,0,                       0,158540,158540,0,                       0,158540
321,158541,0,                       0,158539,158539,0,                       0,158541
322,158540,0,                       0,158540,158540,0,                       0,158540
323,158539,0,                       0,158541,158541,0,                       0,158539
324,158540,0,                       0,158540,158540,0,                       0,158540
325,158539,0,                       0,158541,158541,0,                       0,158539
326,158540,0,                       0,158540,158540,0,                       0,158540
327,158541,0,                       0,158539,158539,0,                       0,158541
328,158540,0,                       0,158540,158540,0,                       0,158540
329,158541,0,                       0,158539,158539,0,                       0,158541
330,158540,0,                       0,158540,158540,0,                       0,158540
331,158541,0,                       0,158539,158539,0,                       0,158541
332,158540,0,                       0,158540,158540,0,                       0,158540
333,158539,0,                       0,158541,158541,0,                       0,158539
334,158538,0,                       0,158542,158542,0,                       0,158538
335,158537,0,                       0,158543,158543,0,                       0,158537
336,158538,0,                       0,158542,158542,0,                       0,158538
337,158539,0,                       0,158541,158541,0,                       0,158539
338,158538,0,                       0,158542,158542,0,                       0,158538
339,158537,0,                       0,158543,158543,0,                       0,158537
340,158538,0,                       0,158542,158542,0,                       0,158538
341,158539,0,                       0,158541,158541,0,                       0,158539
342,158540,0,                       0,158540,158540,0,                       0,158540
343,158541,0,                       0,158539,158539,0,                       0,158541
344,158542,0,                       0,158538,158538,0,                       0,158542
345,158543,0,                       0,158537,158537,0,                       0,158543
346,158542,0,                       0,158538,158538,0,                       0,158542
347,158541,0,                       0,158539,158539,0,                       0,158541
348,158540,0,                       0,158540,158540,0,                       0,158540
349,158541,0,                       0,158539,158539,0,                       0,158541
350,158540,0,                       0,158540,158540,0,                       0,158540
351,158539,0,                       0,158541,158541,0,                       0,158539
352,158538,0,                       0,158542,158542,0,                       0,158538
353,158537,0,                       0,158543,158543,0,                       0,158537
354,158538,0,                       0,158542,158542,0,                       0,158538
355,158539,0,                       0,158541,158541,0,                       0,158539
356,158540,0,                       0,158540,158540,0,                       0,158540
357,158539,0,                       0,158541,158541,0,                       0,158539
358,158540,0,                       0,158540,158540,0,                       0,158540
359,158539,0,                       0,158541,158541,0,                       0,158539
360,158538,0,                       0,158542,158542,0,                       0,158538
361,158537,0,                       0,158543,158543,0,                       0,158537
362,158538,0,                       0,158542,158542,0,                       0,158538
363,158539,0,                       0,158541,158541,0,                       0,158539
364,158540,0,                       0,158540,158540,0,                       0,158540
365,158539,0,                       0,158541,158541,0,                       0,158539
366,158540,0,                       0,158540,158540,0,                       0,158540
367,158541,0,                       0,158539,158539,0,                       0,158541
368,158540,0,                       0,158540,158540,0,                       0,158540
369,158539,0,                       0,158541,158541,0,                       0,158539
370,158540,0,                       0,158540,158540,0,                       0,158540
371,158541,0,                       0,158539,158539,0,                       0,158541
372,158542,0,                       0,158538,158538,0,                       0,158542
373,158541,0,                       0,158539,158539,0,                       0,158541
374,158540,0,                       0,158540,158540,0,                       0,158540
375,158539,0,                       0,158541,158541,0,                       0,158539
376,158540,0,                       0,158540,158540,0,                       0,158540
377,158541,0,                       0,158539,158539,0,                       0,158541
378,158540,0,                       0,158540,158540,0,                       0,158540
379,158539,0,                       0,158541,158541,0,                       0,158539
380,158540,0,                       0,158540,158540,0,                       0,158540
381,158541,0,                       0,158539,158539,0,                       0,158541
382,158540,0,                       0,158540,158540,0,                       0,158540
383,158541,0,                       0,158539,158539,0,                       0,158541
384,158540,0,                       0,158540,158540,0,                       0,158540
385,158539,0,                       0,158541,158541,0,                       0,158539
386,158540,0,                       0,158540,158540,0,                       0,158540
387,158541,0,                       0,158539,158539,0,                       0,158541
388,158542,0,                       0,158538,158538,0,                       0,158542
389,158541,0,                       0,158539,158539,0,                       0,158541
390,158542,0,                       0,158538,158538,0,                       0,158542
391,158541,0,                       0,158539,158539,0,                       0,158541
392,158542,0,                       0,158538,158538,0,                       0,158542
393,158541,0,                       0,158539,158539,0,                       0,158541
394,158542,0,                       0,158538,158538,0,                       0,158542
395,158541,0,                       0,158539,158539,0,                       0,158541
396,158540,0,                       0,158540,158540,0,                       0,158540
397,158539,0,                       0,158541,158541,0,                       0,158539
398,158538,0,                       0,158542,158542,0,                       0,158538
399,158539,0,                       0,158541,158541,0,                       0,158539
400,158540,0,                       0,158540,158540,0,                       0,158540
401,158539,0,                       0,158541,158541,0,                       0,158539
402,158540,0,                       0,158540,158540,0,                       0,158540
403,158541,0,                       0,158539,158539,0,                       0,158541
404,158542,0,                       0,158538,158538,0,                       0,158542
405,158541,0,                       0,158539,158539,0,                       0,158541
406,158540,0,                       0,158540,158540,0,                       0,158540
407,158539,0,                       0,158541,158541,0,                       0,158539
408,158540,0,                       0,158540,158540,0,                       0,158540
409,158539,0,                       0,158541,158541,0,                       0,158539
410,158540,0,                       0,158540,158540,0,                       0,158540
411,158541,0,                       0,158539,158539,0,                       0,158541
412,158542,0,                       0,158538,158538,0,                       0,158542
413,158543,0,                       0,158537,158537,0,                       0,158543
414,158542,0,                       0,158538,158538,0,                       0,158542
415,158541,0,                       0,158539,158539,0,                       0,158541
416,158540,0,                       0,158540,158540,0,                       0,158540
417,158539,0,                       0,158541,158541,0,                       0,158539
418,158540,0,                       0,158540,158540,0,                       0,158540
419,158539,0,                       0,158541,158541,0,                       0,158539
420,158540,0,                       0,158540,158540,0,                       0,158540
421,158539,0,                       0,158541,158541,0,                       0,158539
422,158540,0,                       0,158540,158540,0,                       0,158540
423,158541,0,                       0,158539,158539,0,                       0,158541
424,158542,0,                       0,158538,158538,0,                       0,158542
425,158543,0,                       0,158537,158537,0,                       0,158543
426,158542,0,                       0,158538,158538,0,                       0,158542
427,158541,0,                       0,158539,158539,0,                       0,158541
428,158542,0,                       0,158538,158538,0,                       0,158542
429,158541,0,                       0,158539,158539,0,                       0,158541
430,158540,0,                       0,158540,158540,0,                       0,158540
431,158539,0,                       0,158541,158541,0,                       0,158539
432,158538,0,                       0,158542,158542,0,                       0,158538
433,158539,0,                       0,158541,158541,0,                       0,158539
434,158540,0,                       0,158540,158540,0,                       0,158540
435,158541,0,                       0,158539,158539,0,                       0,158541
436,158540,0,                       0,158540,158540,0,                       0,158540
437,158541,0,                       0,158539,158539,0,                       0,158541
438,158540,0,                       0,158540,158540,0,                       0,158540
439,158539,0,                       0,158541,158541,0,                       0,158539
440,158540,0,                       0,158540,158540,0,                       0,158540
441,158539,0,                       0,158541,158541,0,                       0,158539
442,158540,0,                       0,158540,158540,0,                       0,158540
443,158539,0,                       0,158541,158541,0,                       0,158539
444,158540,0,                       0,158540,158540,0,                       0,158540
445,158541,0,                       0,158539,158539,0,                       0,158541
446,158540,0,                       0,158540,158540,0,                       0,158540
447,158541,0,                       0,158539,158539,0,                       0,158541
448,158540,0,                       0,158540,158540,0,                       0,158540
449,158539,0,                       0,158541,158541,0,                       0,158539
450,158538,0,                       0,158542,158542,0,                       0,158538
451,158539,0,                       0,158541,158541,0,                       0,158539
452,158540,0,                       0,158540,158540,0,                       0,158540
453,158541,0,                       0,158539,158539,0,                       0,158541
454,158540,0,                       0,158540,158540,0,                       0,158540
455,158539,0,                       0,158541,158541,0,                       0,158539
456,158540,0,                       0,158540,158540,0,                       0,158540
457,158541,0,                       0,158539,158539,0,                       0,158541
458,158542,0,                       0,158538,158538,0,                       0,158542
459,158541,0,                       0,158539,158539,0,                       0,158541
460,158542,0,                       0,158538,158538,0,                       0,158542
461,158541,0,                       0,158539,158539,0,                       0,158541
462,158540,0,                       0,158540,158540,0,                       0,158540
463,158541,0,                       0,158539,158539,0,                       0,158541
464,158540,0,                       0,158540,158540,0,                       0,158540
465,158541,0,                       0,158539,158539,0,                       0,158541
466,158540,0,                       0,158540,158540,0,                       0,158540
467,158539,0,                       0,158541,158541,0,                       0,158539
468,158540,0,                       0,158540,158540,0,                       0,158540
469,158539,0,                       0,158541,158541,0,                       0,158539
470,158538,0,                       0,158542,158542,0,                       0,158538
471,158539,0,                       0,158541,158541,0,                       0,158539
472,158540,0,                       0,158540,158540,0,                       0,158540
473,158539,0,                       0,158541,158541,0,                       0,158539
474,158540,0,                       0,158540,158540,0,                       0,158540
475,158541,0,                       0,158539,158539,0,                       0,158541
476,158540,0,                       0,158540,158540,0,                       0,158540
477,158541,0,                       0,158539,158539,0,                       0,158541
478,158540,0,                       0,158540,158540,0,                       0,158540
479,158541,0,                       0,158539,158539,0,                       0,158541
480,158540,0,                       0,158540,158540,0,                       0,158540
481,158539,0,                       0,158541,158541,0,                       0,158539
482,158540,0,                       0,158540,158540,0,                       0,158540
483,158541,0,                       0,158539,158539,0,                       0,158541
484,158540,0,                       0,158540,158540,0,                       0,158540
485,158539,0,                       0,158541,158541,0,                       0,158539
486,158540,0,                       0,158540,158540,0,                       0,158540
487,158541,0,                       0,158539,158539,0,                       0,158541
488,158540,0,                       0,158540,158540,0,                       0,158540
489,158539,0,                       0,158541,158541,0,                       0,158539
490,158538,0,                       0,158542,158542,0,                       0,158538
491,158539,0,                       0,158541,158541,0,                       0,158539
492,158538,0,                       0,158542,158542,0,                       0,158538
493,158537,0,                       0,158543,158543,0,                       0,158537
494,158538,0,                       0,158542,158542,0,                       0,158538
495,158539,0,                       0,158541,158541,0,                       0,158539
496,158540,0,                       0,158540,158540,0,                       0,158540
497,158539,0,                       0,158541,158541,0,                       0,158539
498,158540,0,                       0,158540,158540,0,                       0,158540
499,158539,0,                       0,158541,158541,0,                       0,158539
500,158540,0,                       0,158540,158540,0,                       0,158540
501,158539,0,                       0,158541,158541,0,                       0,158539
502,158540,0,                       0,158540,158540,0,                       0,158540
503,158541,0,                       0,158539,158539,0,                       0,158541
504,158542,0,                       0,158538,158538,0,                       0,158542
505,158541,0,                       0,158539,158539,0,                       0,158541
506,158542,0,                       0,158538,158538,0,                       0,158542
507,158543,0,                       0,158537,158537,0,                       0,158543
508,158544,0,                       0,158536,158536,0,                       0,158544
509,158543,0,                       0,158537,158537,0,                       0,158543
510,158542,0,                       0,158538,158538,0,                       0,158542
511,158541,0,                       0,158539,158539,0,                       0,158541
512,158540,0,                       0,158540,158540,0,                       0,158540
513,158539,0,                       0,158541,158541,0,                       0,158539
514,158538,0,                       0,158542,158542,0,                       0,158538
515,158539,0,                       0,158541,158541,0,                       0,158539
516,158540,0,                       0,158540,158540,0,                       0,158540
517,158541,0,                       0,158539,158539,0,                       0,158541
518,158540,0,                       0,158540,158540,0,                       0,158540
519,158539,0,                       0,158541,158541,0,                       0,158539
520,158540,0,                       0,158540,158540,0,                       0,158540
521,158541,0,                       0,158539,158539,0,                       0,158541
522,158542,0,                       0,158538,158538,0,                       0,158542
523,158541,0,                       0,158539,158539,0,                       0,158541
524,158540,0,                       0,158540,158540,0,                       0,158540
525,158541,0,                       0,158539,158539,0,                       0,158541
526,158540,0,                       0,158540,158540,0,                       0,158540
527,158539,0,                       0,158541,158541,0,                       0,158539
528,158540,0,                       0,158540,158540,0,                       0,158540
529,158539,0,                       0,158541,158541,0,                       0,158539
530,158540,0,                       0,158540,158540,0,                       0,158540
531,158541,0,                       0,158539,158539,0,                       0,158541
532,158542,0,                       0,158538,158538,0,                       0,158542
533,158541,0,                       0,158539,158539,0,                       0,158541
534,158542,0,                       0,158538,158538,0,                       0,158542
535,158541,0,                       0,158539,158539,0,                       0,158541
536,158540,0,                       0,158540,158540,0,                       0,158540
537,158539,0,                       0,158541,158541,0,                       0,158539
538,158540,0,                       0,158540,158540,0,                       0,158540
539,158541,0,                       0,158539,158539,0,                       0,158541
540,158540,0,                       0,158540,158540,0,                       0,158540
541,158539,0,                       0,158541,158541,0,                       0,158539
542,158538,0,                       0,158542,158542,0,                       0,158538
543,158539,0,                       0,158541,158541,0,                       0,158539
544,158540,0,                       0,158540,158540,0,                       0,158540
545,158541,0,                       0,158539,158539,0,                       0,158541
546,158542,0,                       0,158538,158538,0,                       0,158542
547,158541,0,                       0,158539,158539,0,                       0,158541
548,158540,0,                       0,158540,158540,0,                       0,158540
549,158539,0,                       0,158541,158541,0,                       0,158539
550,158540,0,                       0,158540,158540,0,                       0,158540
551,158539,0,                       0,158541,158541,0,                       0,158539
552,158540,0,                       0,158540,158540,0,                       0,158540
553,158539,0,                       0,158541,158541,0,                       0,158539
554,158540,0,                       0,158540,158540,0,                       0,158540
555,158539,0,                       0,158541,158541,0,                       0,158539
556,158540,0,                       0,158540,158540,0,                       0,158540
557,158539,0,                       0,158541,158541,0,                       0,158539
558,158540,0,                       0,158540,158540,0,                       0,158540
559,158541,0,                       0,158539,158539,0,                       0,158541
560,158540,0,                       0,158540,158540,0,                       0,158540
561,158541,0,                       0,158539,158539,0,                       0,158541
562,158542,0,                       0,158538,158538,0,                       0,158542
563,158541,0,                       0,158539,158539,0,                       0,158541
564,158540,0,                       0,158540,158540,0,                       0,158540
565,158541,0,                       0,158539,158539,0,                       0,158541
566,158540,0,                       0,158540,158540,0,                       0,158540
567,158541,0,                       0,158539,158539,0,                       0,158541
568,158542,0,                       0,158538,158538,0,                       0,158542
569,158543,0,                       0,158537,158537,0,                       0,158543
570,158544,0,                       0,158536,158536,0,                       0,158544
571,158545,0,                       0,158535,158535,0,                       0,158545
572,158546,0,                       0,158534,158534,0,                       0,158546
573,158545,0,                       0,158535,158535,0,                       0,158545
574,158546,0,                       0,158534,158534,0,                       0,158546
575,158545,0,                       0,158535,158535,0,                       0,158545
576,158544,0,                       0,158536,158536,0,                       0,158544
577,158543,0,                       0,158537,158537,0,                       0,158543
578,158542,0,                       0,158538,158538,0,                       0,158542
579,158541,0,                       0,158539,158539,0,                       0,158541
580,158540,0,                       0,158540,158540,0,                       0,158540
581,158539,0,                       0,158541,158541,0,                       0,158539
582,158540,0,                       0,158540,158540,0,                       0,158540
583,158539,0,                       0,158541,158541,0,                       0,158539
584,158538,0,                       0,158542,158542,0,                       0,158538
585,158539,0,                       0,158541,158541,0,                       0,158539
586,158540,0,                       0,158540,158540,0,                       0,158540
587,158539,0,                       0,158541,158541,0,                       0,158539
588,158540,0,                       0,158540,158540,0,                       0,158540
589,158539,0,                       0,158541,158541,0,                       0,158539
590,158540,0,                       0,158540,158540,0,                       0,158540
591,158539,0,                       0,158541,158541,0,                       0,158539
592,158540,0,                       0,158540,158540,0,                       0,158540
593,158541,0,                       0,158539,158539,0,                       0,158541
594,158542,0,                       0,158538,158538,0,                       0,158542
595,158541,0,                       0,158539,158539,0,                       0,158541
596,158540,0,                       0,158540,158540,0,                       0,158540
597,158539,0,                       0,158541,158541,0,                       0,158539
598,158540,0,                       0,158540,158540,0,                       0,158540
599,158539,0,                       0,158541,158541,0,                       0,158539
600,158538,0,                       0,158542,158542,0,                       0,158538
601,158539,0,                       0,158541,158541,0,                       0,158539
602,158540,0,                       0,158540,158540,0,                       0,158540
603,158541,0,                       0,158539,158539,0,                       0,158541
604,158540,0,                       0,158540,158540,0,                       0,158540
605,158539,0,                       0,158541,158541,0,                       0,158539
606,158538,0,                       0,158542,158542,0,                       0,158538
607,158537,0,                       0,158543,158543,0,                       0,158537
608,158538,0,                       0,158542,158542,0,                       0,158538
609,158539,0,                       0,158541,158541,0,                       0,158539
610,158540,0,                       0,158540,158540,0,                       0,158540
611,158541,0,                       0,158539,158539,0,                       0,158541
612,158540,0,                       0,158540,158540,0,                       0,158540
613,158539,0,                       0,158541,158541,0,                       0,158539
614,158540,0,                       0,158540,158540,0,                       0,158540
615,158541,0,                       0,158539,158539,0,                       0,158541
616,158540,0,                       0,158540,158540,0,                       0,158540
617,158539,0,                       0,158541,158541,0,                       0,158539
618,158538,0,                       0,158542,158542,0,                       0,158538
619,158537,0,                       0,158543,158543,0,                       0,158537
620,158538,0,                       0,158542,158542,0,                       0,158538
621,158539,0,                       0,158541,158541,0,                       0,158539
622,158540,0,                       0,158540,158540,0,                       0,158540
623,158539,0,                       0,158541,158541,0,                       0,158539
624,158540,0,                       0,158540,158540,0,                       0,158540
625,158541,0,                       0,158539,158539,0,                       0,158541
626,158540,0,                       0,158540,158540,0,                       0,158540
627,158541,0,                       0,158539,158539,0,                       0,158541
628,158540,0,                       0,158540,158540,0,                       0,158540
629,158539,0,                       0,158541,158541,0,                       0,158539
630,158538,0,                       0,158542,158542,0,                       0,158538
631,158537,0,                       0,158543,158543,0,                       0,158537
632,158538,0,                       0,158542,158542,0,                       0,158538
633,158539,0,                       0,158541,158541,0,                       0,158539
634,158540,0,                       0,158540,158540,0,                       0,158540
635,158539,0,                       0,158541,158541,0,                       0,158539
636,158540,0,                       0,158540,158540,0,                       0,158540
637,158539,0,                       0,158541,158541,0,                       0,158539
638,158538,0,                       0,158542,158542,0,                       0,158538
639,158539,0,                       0,158541,158541,0,                       0,158539
640,158540,0,                       0,158540,158540,0,                       0,158540
641,158539,0,                       0,158541,158541,0,                       0,158539
642,158538,0,                       0,158542,158542,0,                       0,158538
643,158539,0,                       0,158541,158541,0,                       0,158539
644,158540,0,                       0,158540,158540,0,                       0,158540
645,158539,0,                       0,158541,158541,0,                       0,158539
646,158540,0,                       0,158540,158540,0,                       0,158540
647,158541,0,                       0,158539,158539,0,                       0,158541
648,158540,0,                       0,158540,158540,0,                       0,158540
649,158539,0,                       0,158541,158541,0,                       0,158539
650,158538,0,                       0,158542,158542,0,                       0,158538
651,158539,0,                       0,158541,158541,0,                       0,158539
652,158540,0,                       0,158540,158540,0,                       0,158540
653,158539,0,                       0,158541,158541,0,                       0,158539
654,158540,0,                       0,158540,158540,0,                       0,158540
655,158539,0,                       0,158541,158541,0,                       0,158539
656,158540,0,                       0,158540,158540,0,                       0,158540
657,158539,0,                       0,158541,158541,0,                       0,158539
658,158540,0,                       0,158540,158540,0,                       0,158540
659,158541,0,                       0,158539,158539,0,                       0,158541
660,158542,0,                       0,158538,158538,0,                       0,158542
661,158543,0,                       0,158537,158537,0,                       0,158543
662,158542,0,                       0,158538,158538,0,                       0,158542
663,158543,0,                       0,158537,158537,0,                       0,158543
664,158542,0,                       0,158538,158538,0,                       0,158542
665,158541,0,                       0,158539,158539,0,                       0,158541
666,158540,0,                       0,158540,158540,0,                       0,158540
667,158539,0,                       0,158541,158541,0,                       0,158539
668,158540,0,                       0,158540,158540,0,                       0,158540
669,158539,0,                       0,158541,158541,0,                       0,158539
670,158540,0,                       0,158540,158540,0,                       0,158540
671,158541,0,                       0,158539,158539,0,                       0,158541
672,158542,0,                       0,158538,158538,0,                       0,158542
673,158541,0,                       0,158539,158539,0,                       0,158541
674,158540,0,                       0,158540,158540,0,                       0,158540
675,158539,0,                       0,158541,158541,0,                       0,158539
676,158540,0,                       0,158540,158540,0,                       0,158540
677,158539,0,                       0,158541,158541,0,                       0,158539
678,158540,0,                       0,158540,158540,0,                       0,158540
679,158539,0,                       0,158541,158541,0,                       0,158539
680,158540,0,                       0,158540,158540,0,                       0,158540
681,158541,0,                       0,158539,158539,0,                       0,158541
682,158540,0,                       0,158540,158540,0,                       0,158540
683,158539,0,                       0,158541,158541,0,                       0,158539
684,158540,0,                       0,158540,158540,0,                       0,158540
685,158539,0,                       0,158541,158541,0,                       0,158539
686,158540,0,                       0,158540,158540,0,                       0,158540
687,158541,0,                       0,158539,158539,0,                       0,158541
688,158540,0,                       0,158540,158540,0,                       0,158540
689,158539,0,                       0,158541,158541,0,                       0,158539
690,158540,0,                       0,158540,158540,0,                       0,158540
691,158541,0,                       0,158539,158539,0,                       0,158541
692,158540,0,                       0,158540,158540,0,                       0,158540
693,158539,0,                       0,158541,158541,0,                       0,158539
694,158540,0,                       0,158540,158540,0,                       0,158540
695,158539,0,                       0,158541,158541,0,                       0,158539
696,158540,0,                       0,158540,158540,0,                       0,158540
697,158539,0,                       0,158541,158541,0,                       0,158539
698,158538,0,                       0,158542,158542,0,                       0,158538
699,158539,0,                       0,158541,158541,0,                       0,158539
700,158540,0,                       0,158540,158540,0,                       0,158540
701,158541,0,                       0,158539,158539,0,                       0,158541
702,158540,0,                       0,158540,158540,0,                       0,158540
703,158539,0,                       0,158541,158541,0,                       0,158539
704,158540,0,                       0,158540,158540,0,                       0,158540
705,158541,0,                       0,158539,158539,0,                       0,158541
706,158542,0,                       0,158538,158538,0,                       0,158542
707,158541,0,                       0,158539,158539,0,                       0,158541
708,158540,0,                       0,158540,158540,0,                       0,158540
709,158539,0,                       0,158541,158541,0,                       0,158539
710,158540,0,                       0,158540,158540,0,                       0,158540
711,158539,0,                       0,158541,158541,0,                       0,158539
712,158540,0,                       0,158540,158540,0,                       0,158540
713,158539,0,                       0,158541,158541,0,                       0,158539
714,158540,0,                       0,158540,158540,0,                       0,158540
715,158539,0,                       0,158541,158541,0,                       0,158539
716,158540,0,                       0,158540,158540,0,                       0,158540
717,158539,0,                       0,158541,158541,0,                       0,158539
718,158540,0,                       0,158540,158540,0,                       0,158540
719,158541,0,                       0,158539,158539,0,                       0,158541
720,158540,0,                       0,158540,158540,0,                       0,158540
721,158541,0,                       0,158539,158539,0,                       0,158541
722,158540,0,                       0,158540,158540,0,                       0,158540
723,158539,0,                       0,158541,158541,0,                       0,158539
724,158540,0,                       0,158540,158540,0,                       0,158540
725,158539,0,                       0,158541,158541,0,                       0,158539
726,158538,0,                       0,158542,158542,0,                       0,158538
727,158539,0,                       0,158541,158541,0,                       0,158539
728,158540,0,                       0,158540,158540,0,                       0,158540
729,158541,0,                       0,158539,158539,0,                       0,158541
730,158540,0,                       0,158540,158540,0,                       0,158540
731,158539,0,                       0,158541,158541,0,                       0,158539
732,158538,0,                       0,158542,158542,0,                       0,158538
733,158539,0,                       0,158541,158541,0,                       0,158539
734,158538,0,                       0,158542,158542,0,                       0,158538
735,158537,0,                       0,158543,158543,0,                       0,158537
736,158538,0,                       0,158542,158542,0,                       0,158538
737,158539,0,                       0,158541,158541,0,                       0,158539
738,158540,0,                       0,158540,158540,0,                       0,158540
739,158539,0,                       0,158541,158541,0,                       0,158539
740,158540,0,                       0,158540,158540,0,                       0,158540
741,158541,0,                       0,158539,158539,0,                       0,158541
742,158540,0,                       0,158540,158540,0,                       0,158540
743,158539,0,                       0,158541,158541,0,                       0,158539
744,158538,0,                       0,158542,158542,0,                       0,158538
745,158537,0,                       0,158543,158543,0,                       0,158537
746,158538,0,                       0,158542,158542,0,                       0,158538
747,158539,0,                       0,158541,158541,0,                       0,158539
748,158540,0,                       0,158540,158540,0,                       0,158540
749,158539,0,                       0,158541,158541,0,                       0,158539
750,158540,0,                       0,158540,158540,0,                       0,158540
751,158541,0,                       0,158539,158539,0,                       0,158541
752,158542,0,                       0,158538,158538,0,                       0,158542
753,158541,0,                       0,158539,158539,0,                       0,158541
754,158540,0,                       0,158540,158540,0,                       0,158540
755,158541,0,                       0,158539,158539,0,                       0,158541
756,158540,0,                       0,158540,158540,0,                       0,158540
757,158541,0,                       0,158539,158539,0,                       0,158541
758,158542,0,                       0,158538,158538,0,                       0,158542
759,158543,0,                       0,158537,158537,0,                       0,158543
760,158542,0,                       0,158538,158538,0,                       0,158542
761,158541,0,                       0,158539,158539,0,                       0,158541
762,158540,0,                       0,158540,158540,0,                       0,158540
763,158539,0,                       0,158541,158541,0,                       0,158539
764,158540,0,                       0,158540,158540,0,                       0,158540
765,158541,0,                       0,158539,158539,0,                       0,158541
766,158540,0,                       0,158540,158540,0,                       0,158540
767,158539,0,                       0,158541,158541,0,                       0,158539
768,158540,0,                       0,158540,158540,0,                       0,158540
769,158541,0,                       0,158539,158539,0,                       0,158541
770,158542,0,                       0,158538,158538,0,                       0,158542
771,158543,0,                       0,158537,158537,0,                       0,158543
772,158542,0,                       0,158538,158538,0,                       0,158542
773,158541,0,                       0,158539,158539,0,                       0,158541
774,158542,0,                       0,158538,158538,0,                       0,158542
775,158541,0,                       0,158539,158539,0,                       0,158541
776,158540,0,                       0,158540,158540,0,                       0,158540
777,158541,0,                       0,158539,158539,0,                       0,158541
778,158540,0,                       0,158540,158540,0,                       0,158540
779,158539,0,                       0,158541,158541,0,                       0,158539
780,158540,0,                       0,158540,158540,0,                       0,158540
781,158539,0,                       0,158541,158541,0,                       0,158539
782,158540,0,                       0,158540,158540,0,                       0,158540
783,158541,0,                       0,158539,158539,0,                       0,158541
784,158542,0,                       0,158538,158538,0,                       0,158542
785,158541,0,                       0,158539,158539,0,                       0,158541
786,158540,0,                       0,158540,158540,0,                       0,158540
787,158539,0,                       0,158541,158541,0,                       0,158539
788,158540,0,                       0,158540,158540,0,                       0,158540
789,158541,0,                       0,158539,158539,0,                       0,158541
790,158542,0,                       0,158538,158538,0,                       0,158542
791,158541,0,                       0,158539,158539,0,                       0,158541
792,158540,0,                       0,158540,158540,0,                       0,158540
793,158541,0,                       0,158539,158539,0,                       0,158541
794,158542,0,                       0,158538,158538,0,                       0,158542
795,158541,0,                       0,158539,158539,0,                       0,158541
796,158542,0,                       0,158538,158538,0,                       0,158542
797,158541,0,                       0,158539,158539,0,                       0,158541
798,158542,0,                       0,158538,158538,0,                       0,158542
799,158541,0,                       0,158539,158539,0,                       0,158541
800,158540,0,                       0,158540,158540,0,                       0,158540
801,158541,0,                       0,158539,158539,0,                       0,158541
802,158542,0,                       0,158538,158538,0,                       0,158542
803,158543,0,                       0,158537,158537,0,                       0,158543
804,158542,0,                       0,158538,158538,0,                       0,158542
805,158541,0,                       0,158539,158539,0,                       0,158541
806,158542,0,                       0,158538,158538,0,                       0,158542
807,158543,0,                       0,158537,158537,0,                       0,158543
808,158544,0,                       0,158536,158536,0,                       0,158544
809,158543,0,                       0,158537,158537,0,                       0,158543
810,158542,0,                       0,158538,158538,0,                       0,158542
811,158541,0,                       0,158539,158539,0,                       0,158541
812,158540,0,                       0,158540,158540,0,                       0,158540
813,158541,0,                       0,158539,158539,0,                       0,158541
814,158542,0,                       0,158538,158538,0,                       0,158542
815,158543,0,                       0,158537,158537,0,                       0,158543
816,158542,0,                       0,158538,158538,0,                       0,158542
817,158541,0,                       0,158539,158539,0,                       0,158541
818,158540,0,                       0,158540,158540,0,                       0,158540
819,158539,0,                       0,158541,158541,0,                       0,158539
820,158538,0,                       0,158542,158542,0,                       0,158538
821,158537,0,                       0,158543,158543,0,                       0,158537
822,158538,0,                       0,158542,158542,0,                       0,158538
823,158537,0,                       0,158543,158543,0,                       0,158537
824,158538,0,                       0,158542,158542,0,                       0,158538
825,158539,0,                       0,158541,158541,0,                       0,158539
826,158540,0,                       0,158540,158540,0,                       0,158540
827,158541,0,                       0,158539,158539,0,                       0,158541
828,158540,0,                       0,158540,158540,0,                       0,158540
829,158541,0,                       0,158539,158539,0,                       0,158541
830,158542,0,                       0,158538,158538,0,                       0,158542
831,158541,0,                       0,158539,158539,0,                       0,158541
832,158542,0,                       0,158538,158538,0,                       0,158542
833,158541,0,                       0,158539,158539,0,                       0,158541
834,158540,0,                       0,158540,158540,0,                       0,158540
835,158539,0,                       0,158541,158541,0,                       0,158539
836,158538,0,                       0,158542,158542,0,                       0,158538
837,158539,0,                       0,158541,158541,0,                       0,158539
838,158538,0,                       0,158542,158542,0,                       0,158538
839,158539,0,                       0,158541,158541,0,                       0,158539
840,158540,0,                       0,158540,158540,0,                       0,158540
841,158539,0,                       0,158541,158541,0,                       0,158539
842,158540,0,                       0,158540,158540,0,                       0,158540
843,158539,0,                       0,158541,158541,0,                       0,158539
844,158540,0,                       0,158540,158540,0,                       0,158540
845,158539,0,                       0,158541,158541,0,                       0,158539
846,158538,0,                       0,158542,158542,0,                       0,158538
847,158537,0,                       0,158543,158543,0,                       0,158537
848,158538,0,                       0,158542,158542,0,                       0,158538
849,158539,0,                       0,158541,158541,0,                       0,158539
850,158540,0,                       0,158540,158540,0,                       0,158540
851,158539,0,                       0,158541,158541,0,                       0,158539
852,158540,0,                       0,158540,158540,0,                       0,158540
853,158539,0,                       0,158541,158541,0,                       0,158539
854,158538,0,                       0,158542,158542,0,                       0,158538
855,158539,0,                       0,158541,158541,0,                       0,158539
856,158538,0,                       0,158542,158542,0,                       0,158538
857,158539,0,                       0,158541,158541,0,                       0,158539
858,158540,0,                       0,158540,158540,0,                       0,158540
859,158541,0,                       0,158539,158539,0,                       0,158541
860,158540,0,                       0,158540,158540,0,                       0,158540
861,158539,0,                       0,158541,158541,0,                       0,158539
862,158540,0,                       0,158540,158540,0,                       0,158540
863,158539,0,                       0,158541,158541,0,                       0,158539
864,158540,0,                       0,158540,158540,0,                       0,158540
865,158539,0,                       0,158541,158541,0,                       0,158539
866,158540,0,                       0,158540,158540,0,                       0,158540
867,158541,0,                       0,158539,158539,0,                       0,158541
868,158540,0,                       0,158540,158540,0,                       0,158540
869,158541,0,                       0,158539,158539,0,                       0,158541
870,158540,0,                       0,158540,158540,0,                       0,158540
871,158541,0,                       0,158539,158539,0,                       0,158541
872,158540,0,                       0,158540,158540,0,                       0,158540
873,158541,0,                       0,158539,158539,0,                       0,158541
874,158540,0,                       0,158540,158540,0,                       0,158540
875,158541,0,                       0,158539,158539,0,                       0,158541
876,158542,0,                       0,158538,158538,0,                       0,158542
877,158541,0,                       0,158539,158539,0,                       0,158541
878,158542,0,                       0,158538,158538,0,                       0,158542
879,158541,0,                       0,158539,158539,0,                       0,158541
880,158542,0,                       0,158538,158538,0,                       0,158542
881,158541,0,                       0,158539,158539,0,                       0,158541
882,158540,0,                       0,158540,158540,0,                       0,158540
883,158539,0,                       0,158541,158541,0,                       0,158539
884,158540,0,                       0,158540,158540,0,                       0,158540
885,158541,0,                       0,158539,158539,0,                       0,158541
886,158540,0,                       0,158540,158540,0,                       0,158540
887,158541,0,                       0,158539,158539,0,                       0,158541
888,158542,0,                       0,158538,158538,0,                       0,158542
889,158541,0,                       0,158539,158539,0,                       0,158541
890,158540,0,                       0,158540,158540,0,                       0,158540
891,158541,0,                       0,158539,158539,0,                       0,158541
892,158540,0,                       0,158540,158540,0,                       0,158540
893,158541,0,                       0,158539,158539,0,                       0,158541
894,158540,0,                       0,158540,158540,0,                       0,158540
895,158541,0,                       0,158539,158539,0,                       0,158541
896,158542,0,                       0,158538,158538,0,                       0,158542
897,158543,0,                       0,158537,158537,0,                       0,158543
898,158544,0,                       0,158536,158536,0,                       0,158544
899,158543,0,                       0,158537,158537,0,                       0,158543
900,158542,0,                       0,158538,158538,0,                       0,158542
901,158541,0,                       0,158539,158539,0,                       0,158541
902,158542,0,                       0,158538,158538,0,                       0,158542
903,158541,0,                       0,158539,158539,0,                       0,158541
904,158542,0,                       0,158538,158538,0,                       0,158542
905,158541,0,                       0,158539,158539,0,                       0,158541
906,158540,0,                       0,158540,158540,0,                       0,158540
907,158541,0,                       0,158539,158539,0,                       0,158541
908,158540,0,                       0,158540,158540,0,                       0,158540
909,158541,0,                       0,158539,158539,0,                       0,158541
910,158540,0,                       0,158540,158540,0,                       0,158540
911,158541,0,                       0,158539,158539,0,                       0,158541
912,158540,0,                       0,158540,158540,0,                       0,158540
913,158541,0,                       0,158539,158539,0,                       0,158541
914,158540,0,                       0,158540,158540,0,                       0,158540
915,158541,0,                       0,158539,158539,0,                       0,158541
916,158540,0,                       0,158540,158540,0,                       0,158540
917,158541,0,                       0,158539,158539,0,                       0,158541
918,158540,0,                       0,158540,158540,0,                       0,158540
919,158541,0,                       0,158539,158539,0,                       0,158541
920,158542,0,                       0,158538,158538,0,                       0,158542
921,158541,0,                       0,158539,158539,0,                       0,158541
922,158540,0,                       0,158540,158540,0,                       0,158540
923,158541,0,                       0,158539,158539,0,                       0,158541
924,158540,0,                       0,158540,158540,0,                       0,158540
925,158541,0,                       0,158539,158539,0,                       0,158541
926,158540,0,                       0,158540,158540,0,                       0,158540
927,158541,0,                       0,158539,158539,0,                       0,158541
928,158540,0,                       0,158540,158540,0,                       0,158540
929,158539,0,                       0,158541,158541,0,                       0,158539
930,158538,0,                       0,158542,158542,0,                       0,158538
931,158539,0,                       0,158541,158541,0,                       0,158539
932,158540,0,                       0,158540,158540,0,                       0,158540
933,158541,0,                       0,158539,158539,0,                       0,158541
934,158540,0,                       0,158540,158540,0,                       0,158540
935,158541,0,                       0,158539,158539,0,                       0,158541
936,158540,0,                       0,158540,158540,0,                       0,158540
937,158541,0,                       0,158539,158539,0,                       0,158541
938,158540,0,                       0,158540,158540,0,                       0,158540
939,158541,0,                       0,158539,158539,0,                       0,158541
940,158540,0,                       0,158540,158540,0,                       0,158540
941,158539,0,                       0,158541,158541,0,                       0,158539
942,158538,0,                       0,158542,158542,0,                       0,158538
943,158537,0,                       0,158543,158543,0,                       0,158537
944,158536,0,                       0,158544,158544,0,                       0,158536
945,158535,0,                       0,158545,158545,0,                       0,158535
946,158536,0,                       0,158544,158544,0,                       0,158536
947,158537,0,                       0,158543,158543,0,                       0,158537
948,158536,0,                       0,158544,158544,0,                       0,158536
949,158537,0,                       0,158543,158543,0,                       0,158537
950,158538,0,                       0,158542,158542,0,                       0,158538
951,158539,0,                       0,158541,158541,0,                       0,158539
952,158540,0,                       0,158540,158540,0,                       0,158540
953,158539,0,                       0,158541,158541,0,                       0,158539
954,158540,0,                       0,158540,158540,0,                       0,158540
955,158541,0,                       0,158539,158539,0,                       0,158541
956,158542,0,                       0,158538,158538,0,                       0,158542
957,158543,0,                       0,158537,158537,0,                       0,158543
958,158544,0,                       0,158536,158536,0,                       0,158544
959,158545,0,                       0,158535,158535,0,                       0,158545
960,158546,0,                       0,158534,158534,0,                       0,158546
961,158545,0,                       0,158535,158535,0,                       0,158545
962,158544,0,                       0,158536,158536,0,                       0,158544
963,158543,0,                       0,158537,158537,0,                       0,158543
964,158542,0,                       0,158538,158538,0,                       0,158542
965,158541,0,                       0,158539,158539,0,                       0,158541
966,158540,0,                       0,158540,158540,0,                       0,158540
967,158539,0,                       0,158541,158541,0,                       0,158539
968,158538,0,                       0,158542,158542,0,                       0,158538
969,158539,0,                       0,158541,158541,0,                       0,158539
970,158540,0,                       0,158540,158540,0,                       0,158540
971,158541,0,                       0,158539,158539,0,                       0,158541
972,158540,0,                       0,158540,158540,0,                       0,158540
973,158541,0,                       0,158539,158539,0,                       0,158541
974,158540,0,                       0,158540,158540,0,                       0,158540
975,158539,0,                       0,158541,158541,0,                       0,158539
976,158540,0,                       0,158540,158540,0,                       0,158540
977,158541,0,                       0,158539,158539,0,                       0,158541
978,158542,0,                       0,158538,158538,0,                       0,158542
979,158541,0,                       0,158539,158539,0,                       0,158541
980,158540,0,                       0,158540,158540,0,                       0,158540
981,158539,0,                       0,158541,158541,0,                       0,158539
982,158540,0,                       0,158540,158540,0,                       0,158540
983,158541,0,                       0,158539,158539,0,                       0,158541
984,158540,0,                       0,158540,158540,0,                       0,158540
985,158539,0,                       0,158541,158541,0,                       0,158539
986,158540,0,                       0,158540,158540,0,                       0,158540
987,158539,0,                       0,158541,158541,0,                       0,158539
988,158540,0,                       0,158540,158540,0,                       0,158540
989,158541,0,                       0,158539,158539,0,                       0,158541
990,158540,0,                       0,158540,158540,0,                       0,158540
991,158541,0,                       0,158539,158539,0,                       0,158541
992,158542,0,                       0,158538,158538,0,                       0,158542
993,158543,0,                       0,158537,158537,0,                       0,158543
994,158544,0,                       0,158536,158536,0,                       0,158544
995,158545,0,                       0,158535,158535,0,                       0,158545
996,158544,0,                       0,158536,158536,0,                       0,158544
997,158543,0,                       0,158537,158537,0,                       0,158543
998,158542,0,                       0,158538,158538,0,                       0,158542
999,158541,0,                       0,158539,158539,0,                       0,158541
1000,158540,0,                       0,158540,158540,0,                       0,158540
1001,158541,0,                       0,158539,158539,0,                       0,158541
1002,158540,0,                       0,158540,158540,0,                       0,158540
1003,158539,0,                       0,158541,158541,0,                       0,158539
1004,158538,0,                       0,158542,158542,0,                       0,158538
1005,158539,0,                       0,158541,158541,0,                       0,158539
1006,158540,0,                       0,158540,158540,0,                       0,158540
1007,158539,0,                       0,158541,158541,0,                       0,158539
1008,158540,0,                       0,158540,158540,0,                       0,158540
1009,158539,0,                       0,158541,158541,0,                       0,158539
1010,158540,0,                       0,158540,158540,0,                       0,158540
1011,158541,0,                       0,158539,158539,0,                       0,158541
1012,158540,0,                       0,158540,158540,0,                       0,158540
1013,158539,0,                       0,158541,158541,0,                       0,158539
1014,158540,0,                       0,158540,158540,0,                       0,158540
1015,158541,0,                       0,158539,158539,0,                       0,158541
1016,158542,0,                       0,158538,158538,0,                       0,158542
1017,158541,0,                       0,158539,158539,0,                       0,158541
1018,158540,0,                       0,158540,158540,0,                       0,158540
1019,158539,0,                       0,158541,158541,0,                       0,158539
